dependencia_origen,clave,nombre_oficial,descripcion,tramite_o_servicio,tipos_atencion_ids
Oficialia Mayor,OF-DA-001,Inscripción en el Padrón de Proveedores del H. Ayuntamiento de Tuxtla Gutiérrez,"Trámite por medio el cual las personas se inscriben en el padrón de proveedores municipal para que por ley puedan celebrar pedidos o contratos de adquisiciones, arrendamiento y prestación de servicios con el Municipio de Tuxtla Gutiérrez.",TRUE,0
Economia,SE-DFE-001,Factibilidad de Uso y Destino de Suelo y Licencia de Funcionamiento SARE,"Trámite de Apertura Rápida de Empresas de bajo riesgo para la salud, seguridad y el medio ambiente que no excedan una superficie de 400m2, con el fin de poder obtener la Factibilidad de Uso de Suelo y Licencia de Funcionamiento en un lapso no mayor a 3 días hábiles, realizando los trámites en un mismo lugar de forma ágil, trasparente y honesta.",TRUE,0|2
Economia,SE-DFE-002,Sistema Unico de Busqueda de Empleo (SUBE),"Un espacio para que el ciudadano en búsqueda de empleo pueda encontrar diversas vacantes de acuerdo a su perfil, así como un espacio para las empresas donde se promoverán sus vacantes de manera gratuita enviándoles personal solo con el perfil requerido .",TRUE,0|2
Economia,SE-DFE-003,Tuxtla Emprende,"Base de datos para registro de emprenderores, para poderlos organizar y generar ventas en espacios públicos como las ferias comerciales agronomicas",TRUE,0
Protección civil,SPCM-DIRRIE-001,Dictamen de cumplimiento de las medidas del programa interno de Protección Civil,"El documento acredita que el inmueble y personal que labora en él, ha cumplido con los requisitos de seguridad y capacitación en materia de Protección Civil.",TRUE,0
Protección civil,SPCM-DIRRIE-002,Oficio de obligaciones en materia de protección civil para eventos masivos,"El documento Acredita que el organizador y/o empresario, ha cumplido con los requisitos solicitados de Seguridad en materia de Protección Civil para mitigar riesgos durante la realización del evento.",TRUE,0
Protección civil,SPCM-DIRRIE-003,Constancia de Afectación,"Elaboración de las constancias de afectación, solicitadas por la ciudadanía, derivada de la ocurrencia de siniestros de origen natural o antropogénicos",TRUE,0
Protección civil,SPCM-DIRRIE-004,Constancia de Valoración de Riesgo,"Documento que determina la existencia de algún riesgo de acuerdo al peligro, grado de exposición y vulnerabilidad en inmuebles, vialidades, colonias, o trabajos de obra pública, de acuerdo al atlas de peligros y/o riesgos, carta urbana o antecedentes previstos, en la que se emiten obligaciones y recomendaciones, se expide a solicitud de instancias públicas o particulares;",TRUE,0
Protección civil,SPCM-DIRRIE-005,"Revisión, validación y seguimiento de los Estudios de Impacto Pluvial para edificios, plazas y fraccionamientos nuevos","Revisar, validar, autorizar y vigilar el cumplimiento de los estudios de “impacto pluvial” y sus obligaciones de las obras necesarias que garanticen el impacto pluvial, que presenten los directores responsables de obra para la obtención de la “licencia de construcción” de obras civiles ,como fraccionamientos, unidades habitacionales, naves y patios industriales, plazas Página 16 Presidencia Municipal comerciales, mercados, estacionamientos, edificaciones y toda obra civil particular o publica comerciales, mercados, estacionamientos, edificaciones y toda obra civil particular o publica enen general que modifique el uso del suelo natural o de las condiciones naturales de general que modifique el uso del suelo natural o de las condiciones naturales de escurrimiento e infiltración del terreno;escurrimiento e infiltración del terreno",TRUE,0
Protección civil,SPCM-DAEC-001,"Por otorgar los servicios de vehículo de ataque rápido para combate de incendio en eventos masivos, organizados por particulares con fines de lucro, por hora.",Servicio brindado a las personas que soliciten el servicio dee vehículo de ataque rápido para combate de incendio en eventos masivos organizados por particulares con fines de lucro,TRUE,0
Protección civil,SPCM-DAEC-002,"Por otorgar el servicio para proporcionar ambulancia en eventos masivos, organizados por particulares con fines de lucro, por hora.",Servicio brindado a Las personas que soliciten el servicio de ambulancia para eventos masivos organizados por particulares con fines de lucro,TRUE,0
Protección civil,SPCM-DAEC-003,"Por otorgar el servicio de poda de árboles en el interior o exterior de domicilios particulares, previa autorización y por motivo de riesgo","Las personas que soliciten el servicio para poda de árboles en el interior o exterior de domicilios particulares, previa autorización y por motivo de riesgo",TRUE,0
Protección civil,SPCM-DAEC-004,"Por otorgar el servicio de derribo de árboles en el interior o exterior de domicilios particulares, previa autorización y por motivo de riesgo","Las personas que soliciten el servicio derribo de árboles en el interior o exterior de domicilios particulares, previa autorización y por motivo de riesgo, expedido por la autoridad competente",TRUE,0
TESORERÍA,TM-CGPF-001,Expedición de Constancia de no Adeudo Fiscal.,Es el documento mediante el cual se certifica que el ciudadano no cuenta con adeudos pendientes ante las dependencias y entidades del Gobierno Municipal.,TRUE,0
TESORERÍA,TM-CGPF-002,Permiso para el Ejercicio del Comercio en Vía Pública.,"Es el otorgamiento del permiso para ejercer el comercio en la vía pública en cualquiera de sus modalidades, dando preferencia a las personas con capacidades diferentes, personas de la tercera edad, personas de escasos recursos.",TRUE,0
TESORERÍA,TM-CGPF-003,Elaboración de planos topográficos.,"Es el proceso mediante el cual se verifican las medidas y colindancias de un Predio, en la cual el Contribuyente indica los puntos de referencia para emitir mediante un plano a escala las características.",TRUE,0
TESORERÍA,TM-CGPF-004,Actualización de Predios,"Es el proceso mediante el cual se revisa y corrigen los datos técnicos de un predio, tales como: corrección área, situación del predio, cambios de propietario, nuevas construcciones.",TRUE,0
TESORERÍA,TM-CGPF-005,Avalúo municipal,Es el proceso que conlleva a la emisión del documento para poder realizar todo acto traslativo de dominio de las colonias en regularización con los Institutos de Regularización de la Tenencia de la tierra.,TRUE,0
TESORERÍA,TM-CGPF-006,Traslación de dominio de bienes inmuebles,"Es objeto de este Impuesto, la Traslación o Adquisición de Bienes Inmuebles que consistan en el suelo y las construcciones adheridas en él, ubicadas en el Municipio de Tuxtla Gutiérrez, así como los derechos relacionados con los mismos. Se entiende por Traslación o Adquisición la que se derive de : Todo acto por el que se traslade o adquiera la propiedad, incluyendo la donación, la compraventa, la promesa, la cesión de derechos, la fusión, la encisión o liquidación de sociedades y asociaciones, la constitución del usufructos, traslación de este o de la nuda propiedad, así como la extinción del usufructo temporal; la prescripción positiva e información de dominio judicial o administrativa, etc.",TRUE,0
TESORERÍA,TM-CGPF-007,Corrección de datos en el padrón inmobiliario,"Actualización, modificación o corrección de la información registrada en el padrón inmobiliario, cuando existan errores, inconsistencias o cambios en los datos del inmueble o del propietario.",TRUE,0
SEC SALUD,SS-DCDM-001,Atención Psicologica,"Es el servicio profesional que brinda orientación, evaluación, diagnóstico y acompañamiento emocional a las personas que presentan dificultades psicológicas, emocionales o conductuales, con el objetivo de mejorar su bienestar mental y calidad de vida.",TRUE,0
SEC SALUD,SS-DCDM-002,Amalgama,"Es el procedimiento odontológico mediante el cual se realiza la restauración de piezas dentales afectadas por caries u otros daños, utilizando como material principal la amalgama dental, con el propósito de recuperar la forma, función y resistencia del diente.",TRUE,0
SEC SALUD,SS-DCDM-003,Aplicación de venoclisis,"Procedimiento mediante el cual se administra soluciones líquidas, medicamentos o nutrientes directamente al torrente sanguíneo a través de una vía intravenosa, con el objetivo de restablecer el equilibrio de líquidos, electrolitos o suministrar tratamiento de manera rápida y efectiva.",TRUE,0
SEC SALUD,SS-DCDM-004,Extracciones,"procedimiento odontológico mediante el cual se realiza la remoción de una pieza dental de su alveolo en el hueso maxilar o mandibular, cuando esta presenta daño irreversible, infección, enfermedad periodontal avanzada, fractura o cualquier condición que impida su conservación.",TRUE,0
SEC SALUD,SS-DCDM-005,Aplicación de Dispositivo intrauterino,"Procedimiento médico mediante el cual se coloca un dispositivo intrauterino (DIU) dentro del útero de la mujer, con el objetivo de prevenir el embarazo de manera segura, eficaz y de larga duración.",TRUE,0
SEC SALUD,SS-DCDM-006,Consulta odontológica,"Es el servicio de atención profesional que brinda el personal odontológico para la evaluación, diagnóstico y orientación en materia de salud bucal, con el objetivo de prevenir, detectar y tratar enfermedades o padecimientos dentales.",TRUE,0
SEC SALUD,SS-DCDM-007,Profilaxis,"Es el procedimiento odontológico preventivo que consiste en la limpieza profesional de los dientes, con el objetivo de eliminar la placa bacteriana, el sarro (cálculo dental) y las manchas superficiales, contribuyendo a mantener una adecuada salud bucal.",TRUE,0
SEC SALUD,SS-DCDM-008,Retiro de Puntos,"Es el procedimiento médico mediante el cual se retiran las suturas colocadas previamente para el cierre de heridas, una vez que el proceso de cicatrización ha avanzado de manera adecuada.",TRUE,0
SEC SALUD,SS-DCDM-009,Conización cervical,"Es el procedimiento médico-quirúrgico mediante el cual se extirpa una porción en forma de cono del cuello uterino (cérvix), con el objetivo de diagnosticar y/o tratar lesiones anormales, como displasias cervicales o lesiones precancerosas detectadas en estudios previos.",TRUE,0
SEC SALUD,SS-DCDM-010,Consulta Ginecologica,"Es el servicio médico especializado que brinda atención integral a la mujer para la prevención, diagnóstico y tratamiento de padecimientos relacionados con el sistema reproductor femenino.",TRUE,0
SEC SALUD,SS-DCDM-011,Papanicolaou,"Es el estudio citológico que se realiza para la detección oportuna de alteraciones en las células del cuello uterino, con el objetivo de identificar lesiones precancerosas o cáncer cervicouterino en etapas tempranas.",TRUE,0
SEC SALUD,SS-DCDM-012,Electrofulguración,"Es el procedimiento médico que utiliza corriente eléctrica de alta frecuencia para destruir, cauterizar o eliminar tejido anormal en la piel o mucosas, con fines terapéuticos o preventivos.",TRUE,0
SEC SALUD,SS-DCDM-013,Colposcopia,"Es el procedimiento médico especializado que permite la observación detallada del cuello uterino, la vagina y la vulva mediante el uso de un equipo óptico llamado colposcopio, con el objetivo de detectar lesiones, infecciones o alteraciones celulares.",TRUE,0
SEC SALUD,SS-DCDM-014,Nutrición (Consulta nutricional),Es el servicio de atención profesional que tiene como finalidad evaluar el estado nutricional de las personas y brindar orientación alimentaria personalizada para mejorar su salud y calidad de vida.,TRUE,0
SEC SALUD,SS-DCDM-015,Fisioterapia,"Conjunto de técnicas, mediante el uso de medios físicos como la luz, el calor, el frío, el ejercicio físico, el masaje y la electricidad pueden curar, recuperar y adaptar a las personas afectadas por alguna disfunción",TRUE,0
SEC SALUD,SS-DCDM-016,Resina,"Es el procedimiento odontológico mediante el cual se restaura una pieza dental dañada por caries, fracturas o desgaste, utilizando resina compuesta, un material estético que se adapta al color natural del diente.",TRUE,0
SEC SALUD,SS-DCDM-017,Consulta General,"Es el servicio de atención médica integral de primer contacto, orientado a la prevención, diagnóstico, tratamiento y seguimiento de padecimientos comunes en la población.",TRUE,0
SEC SALUD,SS-DCDM-018,Aplicación de inyecciones,"Administración de medicamentos por vía intramuscular, intravenosa o subcutánea, con el objetivo de proporcionar tratamiento de forma rápida y eficaz según la indicación médica.",TRUE,0
SEC SALUD,SS-DCDM-019,Biopsia,"Procedimiento médico mediante el cual se obtiene una muestra de tejido, células o líquido del organismo para su análisis en laboratorio, con el objetivo de diagnosticar enfermedades, determinar la naturaleza de una lesión o confirmar la presencia de procesos patológicos.",TRUE,0
SEC SALUD,SS-DCDM-020,Ultrasonido Combinado,"Es el estudio de diagnóstico por imagen que utiliza ondas sonoras de alta frecuencia para obtener imágenes internas del cuerpo, combinando diferentes técnicas o enfoques de ultrasonido con el propósito de lograr una evaluación más completa y precisa de órganos o estructuras específicas.",TRUE,0
SEC SALUD,SS-DCDM-021,Ultrasonido Simple,"Es el estudio de diagnóstico por imagen que utiliza ondas sonoras de alta frecuencia para obtener imágenes de órganos y estructuras internas del cuerpo, con el propósito de evaluar su estado y apoyar en el diagnóstico médico.",TRUE,0
SEC SALUD,SS-DCDM-022,Retiro de Implante Subdermico,"Es el procedimiento médico mediante el cual se extrae un implante anticonceptivo colocado previamente bajo la piel, generalmente en la región del brazo, una vez concluido su periodo de efectividad o por decisión de la paciente.",TRUE,0
SEC SALUD,SS-DCDM-023,Aplicación de Implante Subdérmico,"Procedimiento médico mediante el cual se coloca un implante anticonceptivo debajo de la piel, generalmente en la parte interna del brazo, con el objetivo de prevenir el embarazo de manera segura, eficaz y de larga duración.",TRUE,0
SEC SALUD,SS-DCDM-024,Suturas,"El servicio consiste en la valoración de la herida, limpieza y desinfección de la zona, aplicación de anestesia local en caso necesario y la colocación de puntos mediante técnicas adecuadas, dependiendo del tipo, tamaño y profundidad de la lesión.",TRUE,0
SEC SALUD,SS-DCDM-025,Aplicación de Medicamento Intravenoso,"Es el procedimiento mediante el cual se administra un medicamento directamente al torrente sanguíneo a través de una vía intravenosa, con el objetivo de lograr una acción rápida y eficaz en el organismo.",TRUE,0
SEC SALUD,SS-DCDM-026,Curaciones,"Es el procedimiento de atención médica que consiste en la limpieza, desinfección y cuidado de heridas, con el objetivo de prevenir infecciones, favorecer la cicatrización y mantener en condiciones óptimas el tejido afectado.",TRUE,0
SEC SALUD,SS-DCDM-027,Retiro de Dispositivo intrauterino,"extracción de un dispositivo intrauterino (DIU) previamente colocado en el útero, ya sea por término de su periodo de efectividad, decisión de la paciente o indicación médica.",TRUE,0
SEC SALUD,SS-DRS-001,Refrendo de Tarjeta de Vigilancia Sanitaria para la manipulación de alimentos y bebidas preparadas en vía pública,"Es el trámite mediante el cual se renueva la vigencia de la Tarjeta de Vigilancia Sanitaria otorgada a las personas que se dedican a la preparación, manipulación y venta de alimentos y bebidas en la vía pública, con el fin de garantizar que continúan cumpliendo con las disposiciones sanitarias aplicables.",TRUE,0
SEC SALUD,SS-DRS-002,Expedición de Tarjeta de Vigilancia Sanitaria para la manipulación de Alimentos y Bebidas preparadas en Vía Pública,"Es el trámite mediante el cual la autoridad sanitaria municipal expide un documento oficial que acredita que una persona está autorizada para la preparación, manipulación y venta de alimentos y bebidas en la vía pública, cumpliendo con las condiciones básicas de higiene y salud establecidas por la normatividad aplicable.",TRUE,0
SEC SALUD,SS-DRS-003,"Refrendo de Tarjeta de Vigilancia Sanitaria para establecimientos con giros de videojuegos, juegos electrónicos, billares, juegos de mesa y similares del Municipio de Tuxtla Gutiérrez","Actualizar la tarjeta de vigilancia para el funcionamiento de establecimientos que ofrecen el servicio de Juegos Electrónicos, Vídeo Juegos, Billares, Boliches, Juegos de Mesa y similares, para reducir sus efectos nocivos en el desarrollo mental y social de la población en general.",TRUE,0
SEC SALUD,SS-DRS-004,"Expedición de Tarjeta de Vigilancia Sanitaria para establecimientos con giros de videojuegos, juegos electrónicos, billares, juegos de mesa y similares del Municipio de Tuxtla Gutiérrez","Regular el funcionamiento de establecimientos que ofrecen el servicio de Juegos Electrónicos, Vídeo Juegos, Billares, Boliches, Juegos de Mesa y similares, para reducir sus efectos nocivos en el desarrollo mental y social de la población en general.",TRUE,0
SEC SALUD,SS-DRS-005,"Refrendo de Tarjeta Sanitaria para Consultorios, Clínicas, Hospitales Veterinarios, Cría y/o venta de animales, Estéticas Caninas, pensión para mascotas y escuelas de adiestramiento canino..","Renovación de la vigencia de la Tarjeta Sanitaria otorgada a establecimientos dedicados a la atención, manejo, cría, venta o cuidado de animales, con el propósito de asegurar la continuidad del cumplimiento de las disposiciones de higiene, sanidad y bienestar animal establecidas por la autoridad competente.",TRUE,0
SEC SALUD,SS-DRS-006,"Expedición de Tarjeta Sanitaria a Clínicas, Consultorios, Hospitales Veterinarios; cría y/o venta de animales, estéticas caninas, pensión para mascotas y escuelas de adiestramiento canino","Expedición del documento oficial que acredita el cumplimiento de las condiciones básicas de higiene, sanidad y bienestar animal en establecimientos dedicados a la atención, manejo, crianza, venta o cuidado de animales.",TRUE,0
TRANSPARENCIA,CGUT-001,Solicitud de acceso a la información pública,"Trámite mediante el cual cualquier persona puede solicitar ante el sujeto obligado la entrega de información pública generada, obtenida, adquirida, transformada o en posesión de las autoridades municipales, sin necesidad de acreditar interés jurídico ni justificar la solicitud.",TRUE,0|2
Instituto de la Juventud,INJUVE-001,"TALLERES, PLÁTICAS Y CAPACITACIONES EDUCATIVAS, CULTURALES Y DE EMPRENDIMIENTO","IMPLEMENTACIÓN DE DIVERSOS TALLERES, PLÁTICAS Y CAPACITACIONES EDUCATIVAS GRATUITAS PARA EL DESARROLLO DE LOS JÓVENES TUXTLECOS",TRUE,0|2
Indetux,INDETUX-001,AUTORIZACIÓN PARA EL USO DE INSTALACIONES DEPORTIVAS O RECREATIVAS MUNICIPALES,Es la autorización que otorga el Ayuntamiento Municipal de Tuxtla Gutiérrez a través del Instituto del Deporte Tuxtleco Municipal; para el uso de alguna instalacion o espacio deportivo o recreativo municipal.,TRUE,0
Indetux,INDETUX-002,"PERMISO PARA LA REALIZACIÓN DE CARRERAS ATLETICAS Y DIVERSOS EVENTOS DEPORTIVOS (RODADA CICLISTA, FUNCION DE BOX O LUCHA LIBRE)","Es la solicitud poder realizar una carrera atlética en las diversas rutas, o diversos eventos deportivos (rodada ciclista, funcion de box o lucha libre) dentro del municipio de Tuxtla Gutiérrez a través del Instituto del Deporte Tuxtleco Municipal.",TRUE,0
ITAC,ITAC-001,Servicio de Acceso a Bibliotecas,Servicio gratuito orientado a toda la población que permite la consulta física del acervo bibliográfico y la colección general dentro de las instalaciones de las Bibliotecas Públicas Municipales. El acceso está sujeto al cumplimiento del reglamento interno de la Red de Bibliotecas y se brinda de acuerdo con los horarios de operación establecidos para cada unidad bibliotecaria,TRUE,0
ITAC,ITAC-002,Asignación de Espacios Culturales,"Gestión y asignación de recintos culturales en la Casa de la Cultura Luis Alaminos Guerrero (Sala de Exposiciones y Salón de Usos Múltiples 'José Luis Castro Aguilar') para la ejecución de eventos artísticos y académicos. El servicio está disponible para la ciudadanía e instituciones en general, sujeto a la disponibilidad de la agenda oficial y bajo el compromiso del solicitante de preservar la integridad física del inmueble y el mobiliario asignado.""",TRUE,0
ITAC,ITAC-003,Talleres artísticos en la Casa de la Cultura Luis Alaminos Guerrero,"Oferta formativa consistente en la impartición de disciplinas artísticas y talleres de iniciación cultural en las instalaciones de la Casa de la Cultura Luis Alaminos Guerrero. El servicio está orientado a la capacitación técnica y recreativa de la ciudadanía en diversas ramas de las artes, bajo un calendario de ciclos específicos, requiriendo el cumplimiento de los requisitos de inscripción y el respeto a los reglamentos escolares vigentes de la institución",TRUE,0
SMAPA,SMAPA-DT-001,"Contratación de los servicios de agua potable y/o alcantarillado sanitario para uso comercial, industrial u oficial","Proporcionar el servicio de agua potable, alcantarillado a toda persona física o moral para comercios, industrias o instalaciones oficiales dentro del Municipio de Tuxtla Gutiérrez Chiapas",TRUE,0|2
SMAPA,SMAPA-DT-002,Contratación de los servicios de agua potable y/o alcantarillado sanitario para desarrollos habitacionales,"Proporcionar el servicio de agua potable, alcantarillado a toda persona física o moral para desarrollos habitacionales dentro del Municipio de Tuxtla Gutiérrez Chiapas",TRUE,0|2
SMAPA,SMAPA-DT-003,"Constancia de los servicios de agua potable, alcantarillado sanitario y saneamiento","Documento oficial para toda persona física o moral, en el cual hace constar al solicitante si es factible o no proporcionarle servicio de agua potable y alcantarillado sanitario, para un predio determinado, considerando la cobertura actual",TRUE,0|2
SMAPA,SMAPA-DT-004,"Dictamen de factibilidad de servicios de agua potable, alcantarillado sanitario y saneamiento para giros comerciales, industriales u oficiales","Documento oficial para toda persona física o moral, que lleve a cabo la construcción, ampliación o remodelación de edificios gubernamentales, instalaciones comerciales o fabricas que requieran el servicio de agua potable y alcantarilladlo.",TRUE,0|2
SMAPA,SMAPA-DT-005,"Dictamen de factibilidad de servicios de agua potable, alcantarillado sanitario y saneamiento para desarrollos habitacionales","Documento oficial para toda persona física o moral, que lleve a cabo la construcción, ampliación o remodelación de desarrollos habitacionales que requieran el servicio de agua potable y alcantarilladlo.",TRUE,0|2
SMAPA,SMAPA-DT-006,Validación de proyectos ejecutivos,"Es la revisión y aprobación técnica, obligatoria y vinculante, que emite el SMAPA, antes de iniciar la obra civil que certifica que el diseño hidráulico cumple con la normatividad técnica vigente",TRUE,0
SMAPA,SMAPA-DT-007,Verificación de infraestructura hidrosanitaria,"Inspeccionar, probar y validar técnicamente la red de agua potable y alcantarillado.",TRUE,0
SMAPA,SMAPA-DT-008,Registro al padrón de contratistas,"Registro para personas físicas o morales que permite acreditar la capacidad técnica, legal y financiera, para ejecutar obras u ordenes de trabajo asignadas por el SMAPA",TRUE,0
SMAPA,SMAPA-DC-001,Constancia de no adeudo y antigüedad,"Documento oficial para toda persona física o moral, en el cual hace constar al solicitante la antigüedad de la cuenta o la relación de pagos",TRUE,0
SMAPA,SMAPA-DC-002,Aforo y/o cambio de aparato de medidor,Revisión física o cambio del instrumento de medición a solicitud del usuario,TRUE,0
SMAPA,SMAPA-DC-003,"Contratación de los servicios de agua potable y alcantarillado sanitario, para uso doméstico","Proporcionar el servicio de agua potable, alcantarillado a toda persona física para servicio doméstico dentro del Municipio de Tuxtla Gutiérrez Chiapas",TRUE,0
SMAPA,SMAPA-DS-001,Registro y permiso para descarga de aguas residuales en giros no domésticos.,Autorización para descargar aguas residuales no domésticas,TRUE,0
Servicios municipales,SSM-DAP-001,Constancia de factibilidad de alumbrado público,Es el documento técnico oficial emitido por la dirección de alumbrado público que certifica que el proyecto de presentado cumple con la normatividad vigente,TRUE,0
Servicios municipales,SSM-DAP-002,Constancia de funcionalidad de alumbrado público,"Es el documento oficial emitido por la dirección de alumbrado público que certifica que el sistema de alumbrado público instalado, cumple con lo autorizado en la constancia de factibilidad",TRUE,0
Servicios municipales,SSM-DAP-003,Reubicación de poste.,Se refiere a la solicitud que hace un particular para recorrer un poste a alumbrado público,TRUE,0
Servicios municipales,SSM-DMP-001,Permiso de inhumación,Es la autorización para sepultar un cadáver en cualquiera de los panteones municipales.,TRUE,0
Servicios municipales,SSM-DMP-002,Permiso de exhumación,Es la autorización para exhumar un cadáver en cualquiera de los panteones municipales.,TRUE,0
Servicios municipales,SSM-DMP-003,De la transmisión de derechos por muerte o incapacidad física o mental permanente del titular del derecho de uso mortuorio,Es la autorización del cambio de titular del derecho de uso mortuorio por alguna de las causas indicadas,TRUE,0
Servicios municipales,SSM-DMP-004,Pagos extemporáneos derecho de uso mortuorio.,Es la regularización que hacen los contribuyentes por pagos de derecho de uso mortuorio.,TRUE,0
Servicios municipales,SSM-DMP-005,Permiso de construcción,"Es la autorización para realizar construcción de tanques o gavetas, rehabilitación o adecuación del mismo.",TRUE,0
Servicios municipales,SSM-DMP-06,Del traslado de cadáveres y restos humanaos áridos,"Es la autorización para mover un cadáver, de un lugar a otro dentro del mismo panteón o de un panteón a otro, dentro del municipio.",TRUE,0
Servicios municipales,SSM-DMP-007,Cambio de concesionario en los mercados públicos municipales,Es la autorización para realizar el traspaso o cesión de derechos para ejercer el comercio en un local ubicado en alguno de los mercados municipales.,TRUE,0
Servicios municipales,SSM-DMP-008,Permiso o concesión de locales en los mercados públicos municipales.,Es la autorización del gobierno municipal para ocupar un local comercial en cualquier mercado municipal.,TRUE,0
Servicios municipales,SSM-DMP-009,Autorización de cambio de giro del local en mercados públicos municipales,Es el procedimiento por el cual el concesionario de un local de cualquier mercado municipal desea modificar el giro de las actividades comerciales originales en su comercio.,TRUE,0
SSPT,SSPT- DT-001,Constancia de liberación de vehículos consignados,Documento que permite el retiro de un vehículo que fue liberado por la Fiscalía General del Estado,TRUE,0
SSPT,SSPT- DT-002,Constancia de liberación de vehículos no consignados,Documento que permite el retiro de un vehículo del depósito sin la intervención de la Fiscalía General del Estado,TRUE,0
SSPT,SSPT- DT-003,Constancia de no Infracción,Documento que garantiza que no hay infracciónes de tránsito pendiente de pago para el número de placa solicitado,TRUE,0
SSPT,SSPT- DT-004,Permiso provisional para circular sin placas,Documento que permite a un vehículo circular sin placas por 30 días naturales,TRUE,0
SSPT,SSPT- DT-005,Permiso de emergencia para el cierre temporal de la vía de tránsito,Permiso que se otorga al solicitante cuando existe la necesidad de cerrar temporalmente la vía pública,TRUE,0
SSPT,SSPT- DT-006,Pago de multas por infracciones de tránsito,Trámite de pago de multas de tránsito,TRUE,0
SGA,SGA-DA-001,Constancia de Apertura al Culto Público,Es el documento donde se hace constar que una agrupación religiosa abrió un inmueble dedicado a celebrar cultos públicos.,TRUE,0
SGA,SGA-DA-002,Constancia de Bajos Recursos para Beca,Documento que expide la autoridad municipal a los ciudadanos que no tienen como comprobar la actividad económica a la que se dedica y que necesitan acreditar sus bajos ingresos económicos ante instituciones educativas.,TRUE,0
SGA,SGA-DA-003,Constancia de Bajos Recursos,Documento que expide la autoridad municipal a los ciudadanos que no tienen como comprobar la actividad económica a la que se dedica y que necesitan acreditar sus bajos ingresos económicos ante instituciones de salud y/o hospitalarias.,TRUE,0
SGA,SGA-DA-004,Constancia de Dependencia Económica,Documento que expide la autoridad municipal a los trabajadores derechohabientes de servicios médicos públicos y privados; que deseen afiliar a familiares descendientes mayores de edad y/o ascendientes.,TRUE,0
SGA,SGA-DA-005,Constancia de Domicilio,"Es el documento donde se hace constar que efectivamente el solicitante vive en el domicilio que señala y se encuentra ubicado en el municipio de Tuxtla Gutiérrez, Chiapas.",TRUE,0
SGA,SGA-DA-006,Constancia de Extranjeros,Documento que expide la autoridad municipal para acreditar que un ciudadano de nacionalidad extranjera se encuentra radicando en el municipio de Tuxtla Gutiérrez.,TRUE,0
SGA,SGA-DA-007,Constancia de Notorio Arraigo,Documento en el que se hace constar que la agrupación religiosa tiene mínimo 5 años de operatividad.,TRUE,0
SGA,SGA-DA-008,Constancia de Origen para Corrección de Acta de Nacimiento,"Es el documento que expide la autoridad municipal para aquellos ciudadanos nacidos en el municipio de Tuxtla Gutierrez, que en el acta de nacimiento existan errores de asentamiento en su elaboración.",TRUE,0
SGA,SGA-DA-009,Constancia de Origen para Elaboración de Acta de Nacimiento,"Es el documento que expide la autoridad municipal para los ciudadanos nacidos en el municipio de Tuxtla Gutiérrez, que no cuenten con un registro de nacimiento.",TRUE,0
SGA,SGA-DA-010,Constancia de Residencia,Es el documento expedido por la autoridad municipal que comprueba el lugar de residencia actual de un ciudadano dentro del municipio de Tuxtla Gutiérrez.,TRUE,0
SGA,SGA-DA-011,Constancia de Vecindad para menores de 18 años,"Es el documento expedido por la autoridad municipal que comprueba la vecindad de un menor de 18 Años, dentro del municipio de Tuxtla Gutiérrez.",TRUE,0
SGA,SGA-DA-012,Constancia de Vecindad,Es el documento expedido por la autoridad municipal que comprueba la vecindad actual de un ciudadano dentro del municipio de Tuxtla Gutiérrez,TRUE,0
SGA,SGA-DG-001,Autorización para realizar eventos religiosos,La autorización para llevar a cabo un evento de carácter religioso.,TRUE,0
SGA,SGA-DG-002,Constitución de Patronato de Feria.,"Se expide un acta constitutiva a los patronatos que así lo solicitan, a través del departamento de ferias dependiente de la Dirección de Gobierno, para que puedan realizar la festividad en la colonia o localidad, y con la autorización puedan recibir apoyos que otorga el Ayuntamiento.",TRUE,0
SGA,SGA-DG-003,Permiso para realizar diversiones y espectáculos públicos,"Es el permiso que se otorga a personas físicas o morales, para llevar a cabo eventos y/o espectáculos, de manera temporal en diversos espacios públicos o privados.",TRUE,0
SGA,SGA-DG-004,Registro de Fierro Marcador,Es el documento emitido por la autoridad municipal en el cual se comprueba que se ha registrado un fierro marcador de ganado en los libros de actas con la finalidad de poder acceder a los beneficios y trámites que pueden hacerse en otras dependencias de los diferentes ámbito de gobierno.,TRUE,0
CMR,CMR-001,Protesta ciudadana,Es una herramienta para presentar queja formal por negativa injustificada o falta de respuesta a solicitud de trámites y/o servicios,TRUE,0|2
Desarrollo urbano,SDUM-DOT-001,Factibilidad de uso de suelo (Nueva),"Trámite mediante el cual se determina si un predio es compatible con los usos y destinos del suelo establecidos en la carta urbana, con el fin de autorizar de manera preliminar el desarrollo de actividades, construcciones o proyectos en una ubicación específica.",TRUE,0|2
Desarrollo urbano,SDUM-DOT-002,Factibilidad de uso de suelo (Refrendo),Renovación de la vigencia del dictamen de factibilidad de uso de suelo previamente otorgado.,TRUE,0|2
Desarrollo urbano,SDUM-DOT-003,Licencia de funcionamiento,"Este documento acredita que el establecimiento comercial o de servicios puede iniciar o continuar operaciones de manera formal, y su otorgamiento está sujeto a la revisión de documentación, inspecciones y validaciones correspondientes",TRUE,0|2
Desarrollo urbano,SDUM-DOT-004,Licencia de funcionamiento (Refrendo),"Es el trámite mediante el cual se renueva la vigencia de la licencia de funcionamiento otorgada a establecimientos comerciales o de servicios, con el fin de acreditar que continúan cumpliendo con las disposiciones aplicables para su operación.",TRUE,0|2
Desarrollo urbano,SDUM-DOT-005,Subdivisión de Predios,"Es la autorización para la división de un predio en dos o más fracciones, con el fin de generar nuevos lotes independientes.",TRUE,0|2
Desarrollo urbano,SDUM-DOT-006,Fusión de Predios,"Es la autorización para la unión de dos o más predios colindantes para conformar uno solo, con el fin de integrarlos en una única unidad de propiedad, uso o aprovechamiento del suelo.",TRUE,0|2
Desarrollo urbano,SDUM-DOT-007,Factibilidad de uso de suelo Tortillerías y Molinos de Nixtamal,"Es el trámite mediante el cual se determina si un predio es compatible para la instalación y operación de tortillerías y molinos de nixtamal, conforme a los usos y destinos del suelo.",TRUE,0|2
Desarrollo urbano,SDUM-DOT-008,Permiso de Anuncio Temporal,"Es el documento mediante el cual se autoriza la instalación y exhibición de anuncios de carácter temporal, con el fin de difundir eventos, promociones, actividades comerciales o de servicio por un periodo determinado.",TRUE,0
Desarrollo urbano,SDUM-DOT-009,Licencia para instalar anuncios,"Es la autorización para la instalación de anuncios visibles desde la vía pública, ya sean comerciales, informativos o de servicio, evitando riesgos estructurales, contaminación visual y afectaciones al entorno urbano.",TRUE,0
Desarrollo urbano,SDUM-DOT-010,Refrendo de Licencia de anuncios,Es la renovación de la vigencia de la licencia otorgada para la instalación y permanencia de anuncios visibles desde la vía pública.,TRUE,0
Desarrollo urbano,SDUM-DOT-011,Reconocimiento de vialidad,"Trámite mediante el cual se determina, valida y reconoce la existencia, trazo, continuidad y características de una vialidad dentro del territorio municipal.",TRUE,0
Desarrollo urbano,SDUM-DOT-012,Restricción de estacionamiento,"Se refiere a la limitación del estacionamiento de vehículos en un área específica de la vía pública o frente a un inmueble, con el fin de mejorar la movilidad, garantizar la seguridad vial y mantener el orden urbano.",TRUE,0
Desarrollo urbano,SDUM-DOT-013,Cierre vial,"Es el permiso para la suspensión temporal de la circulación vehicular en una vía pública específica, con motivo de la realización de eventos, obras, trabajos de mantenimiento o situaciones especiales que así lo requieran.",TRUE,0
Desarrollo urbano,SDUM-DOT-014,Reductores de velocidad,"Es la autorización mediante evaluación previa para la instalación de reductores de velocidad en la vía pública, con el fin de disminuir la velocidad vehicular en zonas específicas y prevenir accidentes de tránsito.",TRUE,0
Desarrollo urbano,SDUM-DCU-001,Licencia de Construcción de Ampliación y/o Adaptación de Losa Menor de 40 m2.,"Es la autorización para la ejecución de obras de ampliación o adaptación consistentes en la construcción de losa en edificaciones existentes, cuando la superficie a intervenir sea menor a 40 metros cuadrados.",TRUE,0|2
Desarrollo urbano,SDUM-DCU-002,Aviso de Terminación de Obra.,"Documento mediante el cual el propietario o responsable de una construcción informa a la autoridad municipal competente la conclusión de una obra previamente autorizada mediante licencia de construcción, con el fin de que sea registrada como terminada en los archivos correspondientes.",TRUE,0|2
Desarrollo urbano,SDUM-DCU-003,Remodelación en un Área Mayor de 100 m2.,"Es la autorización para la ejecución de trabajos de remodelación, adecuación o modificación en edificaciones existentes, cuando el área a intervenir sea mayor a 100 metros cuadrados.",TRUE,0|2
Desarrollo urbano,SDUM-DCU-004,Actualización de la Licencia de Construcción,"Es la actualización de la vigencia, modificación, corrección o ajuste de una licencia de construcción previamente otorgada.",TRUE,0|2
Desarrollo urbano,SDUM-DCU-005,Registro como Director Responsable de Obra.,Procedimiento administrativo de renovación mediante el cual una persona profesionista se hace responsable de la observancia y la aplicación de la normativa en las obras para las que otorgue su responsiva.,TRUE,0|2
Desarrollo urbano,SDUM-DCU-006,Licencia de regularización de construcción.,"Cuando se demuestre que la obra cumple con este reglamento y demás ordenamientos legales respectivos, así como las disposiciones del programa; la Secretaría, podrá conceder la Licencia de Regularización de Construcción",TRUE,0|2
Desarrollo urbano,SDUM-DCU-007,Licencia de Construcción de obra nueva Mayor de 40 m2.,Es la autorización para la ejecución de obras nuevas mayores a 40m2,TRUE,0|2
Desarrollo urbano,SDUM-DCU-008,Revalidación como Director Responsable de Obra.,Procedimiento administrativo de renovación mediante el cual una persona profesionista se hace responsable de la observancia y la aplicación de la normativa en las obras para las que otorgue su responsiva.,TRUE,0|2
Desarrollo urbano,SDUM-DCU-009,Constancia de Alineamiento y Número Oficial.,"La constancia de Alineamiento y Número oficial es el documento que acredita el número oficial y las medidas con respecto al eje de la calle al límite del predio, que le corresponderá a cada predio que tenga frente a la vía pública",TRUE,0|2
Desarrollo urbano,SDUM-DCU-010,Permiso de Relleno de Terreno.,Permiso para rellenar un terreno,TRUE,0|2
Desarrollo urbano,SDUM-DCU-011,Permiso de Excavación y/o Corte de Terreno.,Permiso de Excavación y/o Corte de Terreno.,TRUE,0|2
Desarrollo urbano,SDUM-DCU-012,Licencia de Construcción de Ampliación y/o Adaptación de Losa Mayor de 40 m2.,Licencia de Construcción de Ampliación y/o Adaptación de Losa Mayor de 40 m2.,TRUE,0|2
Desarrollo urbano,SDUM-DCU-013,Permiso de Ruptura de Banqueta y Calle para canalizado/suministro de Cableados Subterráneos.,Permiso de Ruptura de Banqueta y Calle para canalizado/suministro de Cableados Subterráneos.,TRUE,0|2
Desarrollo urbano,SDUM-DCU-014,Permiso de Demolición.,Permiso de Demolición.,TRUE,0|2
Desarrollo urbano,SDUM-DCU-015,Licencia de Construcción de obra menor de 40 m2.,Licencia de Construcción de obra menor de 40 m2.,TRUE,0|2
Desarrollo urbano,SDUM-DCU-016,Permiso de ocupación de la vía pública con material de constrcción y andamios y/o tapiales,Permiso de ocupación de la vía pública con material de constrcción y andamios y/o tapiales,TRUE,0|2
Medio Ambiente,SMAyM-DPyC-01,Dictamen Ambiental,"Es la opinion técnica que emite la Secretaría de Medio Ambiente y Movilidad Urbana, en la cual se establecen las obligaciones inherentes a una superficie, predio y territorio, así como las consideraciones necesarias para regular y vigilar las actividades productivas y usos de suelo, atendiendo lo señalado en el Ordenamiento Ecológico Municipal, las Declaratorias de Áreas Naturales Protegidas y demás disposiciones legales aplicables.",TRUE,0
Medio Ambiente,SMAyM-DPyC-02,Dictamen Técnico de Regulación de Contaminación Visual,"Es la opinión técnica que emite la Secretaría de Medio Ambiente y Movilidad Urbana respecto a la saturación de anuncios existentes en la Ciudad; y de esta forma, determina procedente o no, la instalación de nuevos anuncios a través del dictamen de Regulación de anuncios.",TRUE,0
Medio Ambiente,SMAyM-DJA-03,Autorización de Poda,"Evaluacion y en su caso autorizacion de trabajos de poda en el arbolado urbano dentro del municipio, con el propósito de garantizar su conservación, manejo adecuado y la protección del equilibrio ecológico. se verifica el cumplimiento técnicos y ambientales, para prevenir riesgos a la población, evitar daños a la infraestructura y asegurar la salud y estabilidad de los árboles.",TRUE,0
Medio Ambiente,SMAyMU -DJA-004,Autorización de Derribo,"Es el procedimiento que evalúa y en su caso, autoriza la remoción o derribo de árboles dentro del municipio con el propósito de regular su aprovechamiento. Garantiza la protección del medio ambiente, evitando riesgo a la población, afectaciones de infraestructura, condiciones fitosanitarias adversas, asegurando el cumplimiento técnicos y ambientales, como medidas de mitigación, compensación o restitución",TRUE,0
Medio Ambiente,SMAyM-DJA-05,Dictamen de Sonido,"Es un instrumento jurídico, técnico, que ordenan los límites máximos permitidos de decibeles emitidos por una fuente fija (establecimiento, industria, maquinaria o casa habitación) con base en los parámetros establecidos en la Norma Oficial Mexicana NOM-081-SEMARNAT-1994, para evitar que las actividades que se lleven a cabo no sean ruidosas.",TRUE,0
sindicatura,SIN-DPyO-001,Inscripción al registro de contratistas de obras públicas,Registro para Concurso de Obra Civil,TRUE,0|2
Secretaria de la mujer,SIM-001,"Atención Integral para mujeres; asesoría jurídica, atención médica de primer contacto, psicología y de trabajo social","Es el asesoramiento y/o acompañamiento jurídico, atención médica, psicología y de servicio social, que brinda la Secretaría a las mujeres, para defender su derecho a vivir una vida libre de violencia.",TRUE,0
